Address,Bedrooms,Bathrooms,Area,Year Built,Parking,Price,Location
5170 Salter Ct,,,,Year Built: 1993,3 Car Garage,"$939,900",Indianapolis
55 W  Dudley Ave,,,,Year Built: 1955,2 Car Garage,"$260,000",Indianapolis
350 N  Meridian St #401,,,,Year Built: 1924,Garage,"$475,000",Indianapolis
10844 Penwell Way,,,,Year Built: 2023,2 Car Garage,"$268,900",Indianapolis
Richland Plan in Village at New Bethel - Patio Homes by D.R. Horton - Indianapolis,,,,Year Built: 2023,No Info,"$294,900+",Indianapolis
6630 E  Southport Rd,,,,Year Built: 1984,2 Car Garage,"$535,000",Indianapolis
,,,,,,,Indianapolis
1448 Saulcy St,,,,Year Built: 1900,Garage,"$159,900",Indianapolis
9121 Fordham St,,,,Year Built: 1974,2 Car Garage,"$250,000",Indianapolis
,,,,,,,Indianapolis
2460 Guilford Ave,,,,Year Built: 1906,Open Parking,"$200,000",Indianapolis
741 Carlyle Pl,,,,Year Built: 1920,None,"$111,000",Indianapolis
922 Hoover Village Dr   #D,,,,Year Built: 1973,No Info,"$125,000",Indianapolis
9137 Crocus Ct,,,,Year Built: 2004,2 Car Garage,"$285,000",Indianapolis
,,,,,,,Indianapolis
8624 Bay Pointe Cir,,,,Year Built: 1993,2 Car Garage,"$470,000",Indianapolis
7138 Coffman Rd,,,,Year Built: 1945,Garage,"$350,000",Indianapolis
Dimora Plan in Sagebrook West by M/I Homes,,,,Year Built: 2023,No Info,"$296,990+",Indianapolis
Ainsley II Slab Plan in Sagebrook West by M/I Homes,,,,Year Built: 2023,No Info,"$448,990+",Indianapolis
,,,,,,,Indianapolis
,,,,,,,Indianapolis
Berkeley Basement Plan in Sagebrook West by M/I Homes,,,,Year Built: 2023,No Info,"$509,990+",Indianapolis
Cheswicke II Slab Plan in Sagebrook West by M/I Homes,,,,Year Built: 2023,No Info,"$362,990+",Indianapolis
Castello Plan in Sagebrook West by M/I Homes,,,,Year Built: 2023,No Info,"$285,990+",Indianapolis
Glendale Slab Plan in Sagebrook West by M/I Homes,,,,Year Built: 2023,No Info,"$430,990+",Indianapolis
Drake Slab Plan in Sagebrook West by M/I Homes,,,,Year Built: 2023,No Info,"$422,990+",Indianapolis
Hinkle Slab Plan in Belmont by M/I Homes,,,,Year Built: 2023,No Info,"$296,990+",Indianapolis
Bella Vista Plan in Sagebrook West by M/I Homes,,,,Year Built: 2023,No Info,"$280,990+",Indianapolis
Attucks Slab Plan in Belmont by M/I Homes,,,,Year Built: 2023,No Info,"$341,990+",Indianapolis
Muncie Slab Plan in Belmont by M/I Homes,,,,Year Built: 2023,No Info,"$351,990+",Indianapolis
New Castle Slab Plan in Belmont by M/I Homes,,,,Year Built: 2023,No Info,"$315,990+",Indianapolis
Spring Valley Slab Plan in Belmont by M/I Homes,,,,Year Built: 2023,No Info,"$327,990+",Indianapolis
Hickory Slab Plan in Belmont by M/I Homes,,,,Year Built: 2023,No Info,"$321,990+",Indianapolis
7410 Central Ave,,,,Year Built: 1959,2 Car Garage,"$650,000",Indianapolis
2206 N  Capitol Ave,,,,Year Built: 1914,None,"$420,000",Indianapolis
1031 Blaine Ave,,,,Year Built: 1920,Garage,"$119,900",Indianapolis
2321 Brookside Ave,,,,Year Built: 1910,Garage,"$268,000",Indianapolis
Address Not Disclosed,,,,Year Built: 1915,No Info,"$102,999",Indianapolis
3045 S  Coolidge Ave,,,,Year Built: 1956,Garage,"$342,000",Indianapolis
2140 Dr Andrew J Brown Ave,,,,Year Built: 1956,None,"$89,900",Indianapolis
,,,,,,,Indianapolis
,,,,,,,Indianapolis
2055 Columbia Ave,,,,,No Info,"$150,000",Indianapolis
5145 Clarendon Rd,,,,,No Info,"$49,900",Indianapolis
5163 Clarendon Rd,,,,,No Info,"$49,900",Indianapolis
801 Bates St,,,,Year Built: 2019,2 Car Garage,"$419,900",Indianapolis
Legacy 2719 Plan in Parks at Glen Ridge by Pyatt Builders,,,,Year Built: 2023,Garage,"$385,000+",Indianapolis
4633 Bethel Cove Dr,,,,Year Built: 2022,2 Car Garage,"$336,000",Indianapolis
,,,,,,,Indianapolis
4755 Bethel Creek Blvd,,,,Year Built: 2022,2 Car Garage,"$425,000",Indianapolis
201 McKim Ave,,,,Year Built: 2023,Garage,"$700,000",Indianapolis
149 McKim Ave,,,,Year Built: 2023,Garage,"$630,000",Indianapolis
6238 W  Loretta Dr,,,,Year Built: 1972,1 Car Garage,"$242,000",Indianapolis
1718 W  15th St,,,,Year Built: 1960,4 Car Garage,"$1,199,000",Indianapolis
9171 Coopers Ln,,,,Year Built: 2023,3 Car Garage,"$739,900",Indianapolis
8030 Parcrest Ct,,,,Year Built: 2002,2 Car Garage,"$407,000",Indianapolis
Legacy 2433 Plan in Parks at Glen Ridge by Pyatt Builders,,,,Year Built: 2023,Garage,"$371,000+",Indianapolis
2155 Union St,,,,Year Built: 1925,Garage,"$200,000",Indianapolis
Exclusives 3348 Plan in Parks at Glen Ridge by Pyatt Builders,,,,Year Built: 2023,Garage,"$420,000+",Indianapolis
1005 Churchman Ave,,,,Year Built: 2022,Garage,"$479,000",Indianapolis
2158 N  Riley Ave,,,,Year Built: 1956,Garage,"$165,000",Indianapolis
6149 Buck Blvd,,,,Year Built: 2022,2 Car Garage,"$475,000",Indianapolis
6517 Hedback Dr,,,,Year Built: 1998,3 Car Garage,"$725,000",Indianapolis
214 N  Temple Ave,,,,Year Built: 1955,No Info,"$124,900",Indianapolis
622 E  10th St #104,,,,Year Built: 2015,Garage,"$380,000",Indianapolis
2708 E  Midland Rd,,,,Year Built: 1988,2 Car Garage,"$375,000",Indianapolis
1722 N  Delaware St,,,,Year Built: 1900,Garage,"$525,000",Indianapolis
520 Creston Ridge Ct,,,,Year Built: 1997,2 Car Garage,"$289,000",Indianapolis
3107 N  College Ave,,,,Year Built: 1913,Carport,"$365,000",Indianapolis
225 N  Richland St,,,,Year Built: 1910,Garage,"$299,900",Indianapolis
838 N  Parker Ave,,,,Year Built: 1920,None,"$75,000",Indianapolis
1229 N  German Church Rd,,,,Year Built: 1950,2 Car Garage,"$539,900",Indianapolis
9344 Forgotten Creek Dr,,,,,No Info,"$875,000",Indianapolis
9334 Forgotten Creek Dr,,,,,No Info,"$850,000",Indianapolis
2104 N  Pennsylvania St #501,,,,Year Built: 2008,2 Car Garage,"$339,900",Indianapolis
9325 Forgotten Creek Dr,,,,,No Info,"$825,000",Indianapolis
1101 W  91st St,,,,Year Built: 1961,2 Car Garage,"$609,900",Indianapolis
2132 Bellefontaine St,,,,Year Built: 1910,2 Parking Spaces,"$350,000",Indianapolis
4345 Kentucky Ave,,,,Year Built: 1983,2 Car Garage,"$345,000",Indianapolis
573 Lynn St,,,,Year Built: 1930,None,"$79,400",Indianapolis
4111 Vera Dr,,,,Year Built: 1955,1 Car Garage,"$274,000",Indianapolis
,,,,,,,Indianapolis
4441 Bow Ridge Ln,,,,Year Built: 2010,2 Car Garage,"$340,000",Indianapolis
1603 Hoyt Ave,,,,Year Built: 1920,Garage,"$200,000",Indianapolis
8904 Twain Ln,,,,Year Built: 2023,2 Car Garage,"$305,000",Indianapolis
8902 Twain Ln,,,,Year Built: 2023,2 Car Garage,"$300,000",Indianapolis
4333 Indigo Walk Ln,,,,Year Built: 2021,2 Car Garage,"$299,999",Indianapolis
,,,,,,,Indianapolis
6709 Moss Ct,,,,Year Built: 1994,2 Car Garage,"$469,900",Indianapolis
8908 Twain Ln,,,,Year Built: 2023,2 Car Garage,"$315,000",Indianapolis
3211 Boulevard Pl,,,,Year Built: 1920,No Info,"$299,000",Indianapolis
1705 S  Delaware St,,,,Year Built: 1910,Garage,"$234,900",Indianapolis
,,,,,,,Indianapolis
10033 Alexia Dr,,,,Year Built: 1995,2 Car Garage,"$270,000",Indianapolis
3850 N  Kenwood Ave,,,,Year Built: 1912,2 Car Garage,"$199,990",Indianapolis
5440 E  75th St,,,,Year Built: 1930,3 Car Garage,"$1,950,000",Indianapolis
,,,,,,,Indianapolis
226 Parkview Ave,,,,Year Built: 1910,Open Parking,"$199,000",Indianapolis
4254 Ballybay Ln,,,,Year Built: 2007,2 Car Garage,"$365,000",Indianapolis
908 Saint Peter St,,,,Year Built: 1905,Garage,"$369,000",Indianapolis
358 S  Downey Ave,,,,Year Built: 1901,Garage,"$350,000",Indianapolis
537 N  Tacoma Ave,,,,Year Built: 1900,No Info,"$364,900",Indianapolis
Crossroads 2306 Plan in Parks at Glen Ridge by Pyatt Builders,,,,Year Built: 2023,Garage,"$395,000+",Indianapolis
Crossroads 1942 Plan in Parks at Glen Ridge by Pyatt Builders,,,,Year Built: 2023,Garage,"$380,000+",Indianapolis
,,,,,,,Indianapolis
,,,,,,,Indianapolis
,,,,,,,Indianapolis
Crossroads 2474 Plan in Parks at Glen Ridge by Pyatt Builders,,,,Year Built: 2023,Garage,"$405,000+",Indianapolis
Crossroads 1867 Plan in Parks at Glen Ridge by Pyatt Builders,,,,Year Built: 2023,No Info,"$375,000+",Indianapolis
Crossroads 1760 Plan in Parks at Glen Ridge by Pyatt Builders,,,,Year Built: 2023,Garage,"$370,000+",Indianapolis
,,,,,,,Indianapolis
Crossroads 1859 Plan in Parks at Glen Ridge by Pyatt Builders,,,,Year Built: 2023,Garage,"$375,000+",Indianapolis
Crossroads 2467 Plan in Parks at Glen Ridge by Pyatt Builders,,,,Year Built: 2023,Garage,"$405,000+",Indianapolis
,,,,,,,Indianapolis
,,,,,,,Indianapolis
1015 Harlan St,,,,Year Built: 1910,Garage,"$347,000",Indianapolis
1101 N  Beville Ave,,,,Year Built: 1901,No Info,"$299,900",Indianapolis
1332 Central Ave,,,,Year Built: 2003,2 Car Garage,"$599,000",Indianapolis
,,,,,,,Indianapolis
7314 US Highway 31 S,,,,Year Built: 1951,1 Car Garage,"$324,900",Indianapolis
8820 Rockville Rd,,,,Year Built: 1954,1 Car Garage,"$399,900",Indianapolis
8235 Lockwood Ln,,,,Year Built: 1965,2 Car Garage,"$250,000",Indianapolis
7896 Sergi Canyon Dr,,,,Year Built: 2003,2 Car Garage,"$349,900",Indianapolis
517 Lord St,,,,Year Built: 1910,No Info,"$299,000",Indianapolis
2838 N  Kenwood Ave,,,,Year Built: 1955,Open Parking,"$279,900",Indianapolis
728 Fletcher Ave,,,,Year Built: 1885,None,"$375,000",Indianapolis
1144 Lexington Ave,,,,,No Info,"$150,000",Indianapolis
2226 Central Ave,,,,Year Built: 2023,Garage,"$620,000",Indianapolis
1903 E  Maryland St,,,,Year Built: 2022,No Info,"$340,000",Indianapolis
2553 Pumpkin Patch Ln,,,,Year Built: 2020,2 Car Garage,"$285,000",Indianapolis
435 Virginia Ave #601,,,,Year Built: 2006,2 Car Garage,"$899,900",Indianapolis
7308 Glen Park Ln,,,,Year Built: 2023,1 Car Garage,"$463,990",Indianapolis
626 Stevens St,,,,Year Built: 2019,Garage,"$869,900",Indianapolis
838 Beaumont Ct,,,,Year Built: 1963,2 Car Garage,"$270,000",Indianapolis
1121 N  Grant Ave,,,,Year Built: 1929,Garage,"$89,000",Indianapolis
7131 Avalon Trail Ct,,,,Year Built: 1973,2 Car Garage,"$399,999",Indianapolis
3106 N. Washington Blvd.,,,,Year Built: 1921,No Info,"$499,000",Indianapolis
3032 E  Michigan St,,,,Year Built: 2023,No Info,"$430,000",Indianapolis
,,,,,,,Indianapolis
Exclusives 2699 Plan in Parks at Glen Ridge by Pyatt Builders,,,,Year Built: 2023,Garage,"$384,000+",Indianapolis
2132 N  Pennsylvania St,,,,Year Built: 2007,Garage,"$469,000",Indianapolis
,,,,,,,Indianapolis
1931 W  New York St,,,,Year Built: 1920,Garage,"$249,900",Indianapolis
2135 N  Dexter St,,,,Year Built: 1915,No Info,"$117,000",Indianapolis
10703 Crell Ct,,,,Year Built: 2009,3 Car Garage,"$395,000",Indianapolis
2944 N  Delaware St,,,,Year Built: 2006,Garage,"$314,900",Indianapolis
8925 Dorill Creek Ln,,,,Year Built: 2023,2 Car Garage,"$424,990",Indianapolis
331 N  Temple Ave,,,,Year Built: 1955,No Info,"$327,500",Indianapolis
McKinley Plan in Edgewood Farms by D.R. Horton - Indianapolis,,,,Year Built: 2023,No Info,"$397,000+",Indianapolis
1018 Saint Paul St,,,,Year Built: 1901,Garage,"$369,900",Indianapolis
8040 N  College Ave,,,,Year Built: 1959,2 Car Garage,"$415,000",Indianapolis
Exclusives 3109 Plan in Parks at Glen Ridge by Pyatt Builders,,,,Year Built: 2023,Garage,"$417,000+",Indianapolis
Legacy 2433 Plan in Highlands at Grassy Creek by Pyatt Builders,,,,Year Built: 2023,Garage,"$309,000+",Indianapolis
1017 Collier St,,,,,No Info,"$24,500",Indianapolis
1449 S  Talbott St,,,,Year Built: 1900,No Info,"$369,900",Indianapolis
1051 Hervey St,,,,Year Built: 1910,No Info,"$209,900",Indianapolis
627 N  Colorado Ave,,,,Year Built: 1920,None,"$230,000",Indianapolis
3612 Schofield Ave,,,,Year Built: 1958,Garage,"$115,000",Indianapolis
2045 Carrollton Ave,,,,Year Built: 1895,Garage,"$454,900",Indianapolis
8561 N  Olde Mill Cir,,,,Year Built: 1983,2 Car Garage,"$550,000",Indianapolis
1265 W  34th St,,,,Year Built: 1920,Garage,"$154,000",Indianapolis
9000 W  16th St,,,,,No Info,"$22,000",Indianapolis
8040 W  16th St,,,,,No Info,"$50,000",Indianapolis
8961 W  16th St,,,,,No Info,"$20,000",Indianapolis
9525 Copley Dr,,,,Year Built: 1957,4 Car Garage,"$1,195,000",Indianapolis
4129 Cornelius Ave,,,,Year Built: 2022,No Info,"$322,900",Indianapolis
Grandover II Plan in Edgewood Farms by D.R. Horton - Indianapolis,,,,Year Built: 2023,No Info,"$373,000+",Indianapolis
10334 Corydon Ct,,,,Year Built: 2010,2 Car Garage,"$382,000",Indianapolis
5 E  71st St,,,,Year Built: 1940,4 Car Garage,"$4,750,000",Indianapolis
829 N  Rural St,,,,Year Built: 1909,No Info,"$230,000",Indianapolis
2032 Lexington Ave,,,,,No Info,"$60,000",Indianapolis
4000 N  Meridian St #8D,,,,Year Built: 1968,1 Car Garage,"$209,000",Indianapolis
1613 Draper St,,,,Year Built: 1915,None,"$255,000",Indianapolis
5216 Central Ave,,,,Year Built: 1930,Garage,"$679,900",Indianapolis
,,,,,,,Indianapolis
2039 N  Delaware St,,,,Year Built: 2016,Garage,"$1,350,000",Indianapolis
Homes Available Soon Plan in Cardinal Grove by D.R. Horton - Indianapolis,,,,Year Built: 2023,No Info,,Indianapolis
1740 S  Randolph St,,,,Year Built: 1926,Garage,"$236,500",Indianapolis
2514-2516 S  Pennsylvania St,,,,Year Built: 1920,No Info,"$145,000",Indianapolis
110 E  Washington St   #1301,,,,Year Built: 2002,2 Car Garage,"$349,000",Indianapolis
3430 Davis Rd,,,,Year Built: 1964,Garage,"$600,000",Indianapolis
2101 E  38th St,,,,Year Built: 1941,No Info,"$170,000",Indianapolis
1856 Irish Lake Ln,,,,Year Built: 2013,2 Car Garage,"$284,900",Indianapolis
2130 N  Bolton Ave,,,,Year Built: 1955,1 Car Garage,"$229,900",Indianapolis
2636 Mingo Ln,,,,Year Built: 2001,2 Car Garage,"$235,000",Indianapolis
Ashton Plan in Trails at Grassy Creek by Arbor Homes,,,,Year Built: 2023,No Info,"$242,995+",Indianapolis
2910 Meredith Ave,,,,Year Built: 1910,None,"$257,900",Indianapolis
,,,,,,,Indianapolis
6767 N  Meridian St,,,,Year Built: 1927,3 Car Garage,"$1,399,000",Indianapolis
10112 Jenna Ln,,,,Year Built: 2016,2 Car Garage,"$349,900",Indianapolis
3512 Nowland Ave,,,,Year Built: 1900,No Info,"$255,000",Indianapolis
540 S  Edgehill Rd,,,,Year Built: 1930,Garage,"$165,000",Indianapolis
,,,,,,,Indianapolis
7618 Silver Moon Way,,,,Year Built: 2008,2 Car Garage,"$286,000",Indianapolis
409 N  Oakland Ave,,,,Year Built: 1910,No Info,"$219,900",Indianapolis
8832 Rockwood Ln,,,,,No Info,"$139,900",Indianapolis
7951 Meadow Bend Cir,,,,Year Built: 1997,2 Car Garage,"$359,000",Indianapolis
,,,,,,,Indianapolis
1121 Trowbridge St,,,,Year Built: 2022,Garage,"$329,000",Indianapolis
,,,,,,,Indianapolis
,,,,,,,Indianapolis
6160 Indianola Ave,,,,Year Built: 1927,Garage,"$309,900",Indianapolis
328 N  Tacoma Ave,,,,Year Built: 2022,No Info,"$325,000",Indianapolis
3160 N  Harding St,,,,Year Built: 1940,Open Parking,"$85,000",Indianapolis
,,,,,,,Indianapolis
3531/3533 Winthrop Ave,,,,Year Built: 1920,No Info,"$325,000",Indianapolis
Legacy 2719 Plan in Highlands at Grassy Creek by Pyatt Builders,,,,Year Built: 2023,Garage,"$320,000+",Indianapolis
2054 Allison Ave,,,,Year Built: 1951,Garage,"$309,900",Indianapolis
,,,,,,,Indianapolis
,,,,,,,Indianapolis
2250 N  Pennsylvania St #9,,,,Year Built: 2004,Garage,"$279,900",Indianapolis
5730 Lawton Loop West Dr,,,,Year Built: 1908,Garage,"$929,900",Indianapolis
3331 N  Hawthorne Ln,,,,,No Info,"$16,900",Indianapolis
2028 Columbia Ave,,,,Year Built: 2022,Garage,"$520,000",Indianapolis
1607 Draper St,,,,Year Built: 1920,No Info,"$210,000",Indianapolis
1404 Spann Ave,,,,Year Built: 2019,Garage,"$425,000",Indianapolis
4756 Bethel Creek Blvd,,,,Year Built: 2021,3 Car Garage,"$430,000",Indianapolis
804 W  42nd St,,,,Year Built: 1909,No Info,"$240,000",Indianapolis
9278 Spring Forest Dr,,,,Year Built: 1984,2 Car Garage,"$485,000",Indianapolis
1153 Linden St,,,,Year Built: 1900,Garage,"$350,000",Indianapolis
6474 N  College Ave,,,,Year Built: 1935,1 Car Garage,"$260,000",Indianapolis
6454 Park Central Way  #C,,,,Year Built: 1973,No Info,"$119,900",Indianapolis
935 E  Raymond St,,,,Year Built: 1915,No Info,"$225,000",Indianapolis
933 E  Raymond St,,,,Year Built: 1915,No Info,"$225,000",Indianapolis
1445 W  34th St,,,,Year Built: 1930,Garage,"$64,000",Indianapolis
4528 E  10th St,,,,Year Built: 1925,Garage,"$125,000",Indianapolis
10407 Deercrest Ln,,,,Year Built: 2018,2 Car Garage,"$359,000",Indianapolis
11345 Leander Ln,,,,Year Built: 1983,2 Car Garage,"$449,900",Indianapolis
1001 Albany St,,,,Year Built: 1910,Garage,"$169,900",Indianapolis
8580 Sargent Rd,,,,Year Built: 1959,2 Car Garage,"$640,000",Indianapolis
4354 Evanston Ave,,,,Year Built: 1972,Open Parking,"$215,000",Indianapolis
,,,,,,,Indianapolis
,,,,,,,Indianapolis
,,,,,,,Indianapolis
1112 Lexington Ave,,,,Year Built: 1860,No Info,"$235,000",Indianapolis
5005 Lucas Ln,,,,Year Built: 1973,2 Car Garage,"$249,900",Indianapolis
,,,,,,,Indianapolis
1641 Carrollton Ave,,,,Year Built: 1911,Garage,"$400,000",Indianapolis
1419 Lexington Ave,,,,Year Built: 1955,No Info,"$235,000",Indianapolis
6360 Around The Hills Rd,,,,Year Built: 1941,3 Car Garage,"$895,000",Indianapolis
4518 E  New York St,,,,Year Built: 1920,Open Parking,"$124,900",Indianapolis
3312 Bay Road South Dr,,,,Year Built: 1988,2 Car Garage,"$689,900",Indianapolis
,,,,,,,Indianapolis
1743 S  Pershing Ave,,,,Year Built: 1955,No Info,"$80,000",Indianapolis
6741 Devinney Ln,,,,Year Built: 1998,No Info,"$297,330",Indianapolis
3262 N  Emerson Ave,,,,,No Info,"$15,000",Indianapolis
4702 N  Illinois St,,,,Year Built: 1936,Garage,"$799,000",Indianapolis
4701 English Ave,,,,Year Built: 1945,2 Car Garage,"$170,000",Indianapolis
,,,,,,,Indianapolis
4000 N  Meridian St #16H,,,,Year Built: 1968,2 Car Garage,"$425,000",Indianapolis
4108 Carson Ave,,,,Year Built: 1967,2 Car Garage,"$274,900",Indianapolis
427 N  State Ave,,,,Year Built: 1960,Garage,"$649,900",Indianapolis
1305 Jefferson Ave,,,,Year Built: 2018,Garage,"$715,000",Indianapolis
1306 Laurel St,,,,Year Built: 1880,Garage,"$299,900",Indianapolis
1459 S  Meridian St,,,,,No Info,"$100,000",Indianapolis
1585 Danielle Dr,,,,Year Built: 2005,2 Car Garage,"$409,999",Indianapolis
10373 E  Old National Rd,,,,Year Built: 1979,Garage,"$1,257,000",Indianapolis
10309 Gateway Dr,,,,Year Built: 2023,2 Car Garage,"$296,000",Indianapolis
10311 Gateway Dr,,,,Year Built: 2023,2 Car Garage,"$295,000",Indianapolis
,,,,,,,Indianapolis
129 Yorkshire Blvd E,,,,Year Built: 1990,3 Car Garage,"$399,900",Indianapolis
,,,,,,,Indianapolis
3135 E  Minnesota St,,,,Year Built: 1962,No Info,"$135,000",Indianapolis
1043 N  Mount St,,,,Year Built: 1915,No Info,"$135,000",Indianapolis
7701 Venetian Way,,,,Year Built: 1979,2 Car Garage,"$285,000",Indianapolis
Homes Available Soon Plan in Cottage Station by Ryan Homes,,,,Year Built: 2023,No Info,,Indianapolis
12548 Teacup Way,,,,Year Built: 2005,2 Car Garage,"$270,000",Indianapolis
9350 Aspen Glen Dr,,,,Year Built: 2023,2 Car Garage,"$359,000",Indianapolis
448 N  Linwood Ave,,,,Year Built: 1920,No Info,"$137,500",Indianapolis
2715 Guilford Ave,,,,Year Built: 1955,No Info,"$170,000",Indianapolis
7635 Knapp Rd,,,,,No Info,"$275,000",Indianapolis
6027 Lakeside Manor Ave,,,,Year Built: 1999,2 Car Garage,"$269,500",Indianapolis
8651 Jaffa Court East Dr #37,,,,Year Built: 1989,2 Car Garage,"$309,000",Indianapolis
7239 Birch Leaf Dr,,,,Year Built: 2019,2 Car Garage,"$575,000",Indianapolis
,,,,,,,Indianapolis
5834 W  62nd St,,,,Year Built: 1920,Garage,"$450,000",Indianapolis
772 W  26th St,,,,Year Built: 1920,No Info,"$145,000",Indianapolis
11639 Congressional Ln,,,,Year Built: 1999,2 Car Garage,"$218,000",Indianapolis
1156 Dawson St,,,,Year Built: 1910,No Info,"$360,000",Indianapolis
Willow Plan in Grant's Corner by Olthof Homes,,,,Year Built: 2023,No Info,"$408,900+",Indianapolis
Keaton Plan in Grant's Corner by Olthof Homes,,,,Year Built: 2023,No Info,"$263,700+",Indianapolis
Sedona Plan in Grant's Corner by Olthof Homes,,,,Year Built: 2023,No Info,"$368,700+",Indianapolis
Hudson Plan in Grant's Corner by Olthof Homes,,,,Year Built: 2023,No Info,"$335,100+",Indianapolis
Rowan Plan in Grant's Corner by Olthof Homes,,,,Year Built: 2023,No Info,"$362,600+",Indianapolis
Olympia Plan in Grant's Corner by Olthof Homes,,,,Year Built: 2023,No Info,"$344,000+",Indianapolis
Aria Plan in Grant's Corner by Olthof Homes,,,,Year Built: 2023,No Info,"$252,400+",Indianapolis
Laine Plan in Grant's Corner by Olthof Homes,,,,Year Built: 2023,No Info,"$258,200+",Indianapolis
Oakmont Plan in Grant's Corner by Olthof Homes,,,,Year Built: 2023,No Info,"$374,100+",Indianapolis
2139 N  Drexel Ave,,,,Year Built: 1940,None,"$115,000",Indianapolis
312 W  Morris St,,,,,No Info,"$520,000",Indianapolis
3011 N  New Jersey St,,,,Year Built: 1910,No Info,"$269,900",Indianapolis
Exclusives 3067 Plan in Parks at Glen Ridge by Pyatt Builders,,,,Year Built: 2023,Garage,"$405,000+",Indianapolis
2926 E  18th St,,,,Year Built: 1920,No Info,"$209,000",Indianapolis
3913 N  Kenwood Ave,,,,Year Built: 1919,Garage,"$129,000",Indianapolis
523 Fulton St,,,,Year Built: 2023,2 Car Garage,"$849,900",Indianapolis
,,,,,,,Indianapolis
1134 S  Drexel Ave,,,,Year Built: 1948,Garage,"$89,000",Indianapolis
2437 Guilford Ave,,,,,No Info,"$80,000",Indianapolis
355 E  Ohio St #301,,,,Year Built: 2006,2 Car Garage,"$875,000",Indianapolis
4311 Norwaldo Ave,,,,Year Built: 1948,Open Parking,"$299,999",Indianapolis
Rosemont Plan in Village at New Bethel - Patio Homes by D.R. Horton - Indianapolis,,,,Year Built: 2023,No Info,"$286,000+",Indianapolis
4328 E  Michigan St,,,,Year Built: 1922,None,"$97,900",Indianapolis
340 Sierra Ct,,,,Year Built: 1973,2 Car Garage,"$199,000",Indianapolis
8949 Faulkner Dr,,,,Year Built: 2021,2 Car Garage,"$394,998",Indianapolis
2605 N  Harding St,,,,Year Built: 1920,No Info,"$125,000",Indianapolis
2945 Pointe Bay Road #76,,,,Year Built: 2021,4 Car Garage,"$300,000",Indianapolis
6417 Meridian Woods Blvd,,,,Year Built: 1968,2 Car Garage,"$375,000",Indianapolis
,,,,,,,Indianapolis
1636 N  Rural St,,,,Year Built: 1900,No Info,"$165,000",Indianapolis
1036 Reserve Way,,,,Year Built: 2005,2 Car Garage,"$375,000",Indianapolis
12417 Teacup Way,,,,Year Built: 2008,2 Car Garage,"$320,000",Indianapolis
,,,,,,,Indianapolis
638 W  30th St,,,,Year Built: 1920,No Info,"$144,500",Indianapolis
9235 Crystal River Dr,,,,Year Built: 2014,2 Car Garage,"$559,500",Indianapolis
857 Indigo Way #857D,,,,Year Built: 1973,Carport,"$130,000",Indianapolis
909 Junction Pl,,,,Year Built: 2005,2 Car Garage,"$335,000",Indianapolis
,,,,,,,Indianapolis
318 Terrace Ave,,,,Year Built: 1890,Garage,"$368,900",Indianapolis
8235 Camby Rd,,,,Year Built: 2023,3 Car Garage,"$440,000",Indianapolis
315 N  Grant Ave,,,,Year Built: 1918,Garage,"$184,000",Indianapolis
1634 E  Minnesota St,,,,Year Built: 1917,Garage,"$450,000",Indianapolis
2826 E  19th St,,,,Year Built: 1926,No Info,"$179,900",Indianapolis
6509 E  46th St,,,,Year Built: 1959,No Info,"$160,000",Indianapolis
11142 Mossy Rock Ln,,,,,No Info,"$159,900",Indianapolis
1825 Livery Way,,,,Year Built: 2021,Garage,"$455,000",Indianapolis
5633 Foxglove Ln,,,,Year Built: 1993,2 Car Garage,"$240,000",Indianapolis
230 N  Cleveland St   #D,,,,Year Built: 2003,2 Car Garage,"$422,000",Indianapolis
Legacy 3040 Plan in Parks at Glen Ridge by Pyatt Builders,,,,Year Built: 2023,Garage,"$392,000+",Indianapolis
7955 Oaklandon Rd,,,,Year Built: 1997,3 Car Garage,"$1,125,000",Indianapolis
,,,,,,,Indianapolis
8500 N  Meridian St,,,,Year Built: 1946,No Info,"$469,900",Indianapolis
3770 N  Richardt Ave,,,,Year Built: 1961,Garage,"$135,000",Indianapolis
403 N  Gibson Ave,,,,Year Built: 1936,Garage,"$129,000",Indianapolis
7911 E  Souter Dr,,,,Year Built: 1959,1 Car Garage,"$149,000",Indianapolis
631 N  Tacoma Ave,,,,Year Built: 1890,Garage,"$360,000",Indianapolis
7008 E  46th St,,,,Year Built: 1960,Garage,"$109,000",Indianapolis
5886 Forest Ln,,,,Year Built: 1935,1 Car Garage,"$549,900",Indianapolis
,,,,,,,Indianapolis
909 E  38th St,,,,Year Built: 1920,No Info,"$364,900",Indianapolis
220 N  Beville Ave,,,,Year Built: 2023,No Info,"$299,900",Indianapolis
629 E  9th St,,,,Year Built: 1930,Garage,"$969,000",Indianapolis
6207 Carrollton Ave,,,,Year Built: 1925,Garage,"$750,000",Indianapolis
6205 Carrollton Ave,,,,Year Built: 1935,Garage,"$750,000",Indianapolis
6050 N  Guilford Ave,,,,Year Built: 2023,Garage,"$1,039,000",Indianapolis
2245 Redfern Dr,,,,Year Built: 1959,2 Car Garage,"$260,000",Indianapolis
612 Eugene St,,,,Year Built: 1915,Open Parking,"$184,900",Indianapolis
2130 Gent Ave,,,,Year Built: 2023,No Info,"$325,000",Indianapolis
,,,,,,,Indianapolis
2661 S  Senour Rd,,,,Year Built: 1915,Garage,"$989,000",Indianapolis
5330 Hawthorne Dr,,,,Year Built: 1966,2 Car Garage,"$375,000",Indianapolis
624 E  North St,,,,Year Built: 2014,2 Car Garage,"$1,700,000",Indianapolis
640 N  Oakland Ave,,,,Year Built: 1910,Garage,"$219,900",Indianapolis
1230 Lexington Ave,,,,Year Built: 2023,Garage,"$695,000",Indianapolis
,,,,,,,Indianapolis
6816 Turnberry Way,,,,Year Built: 1979,2 Car Garage,"$239,900",Indianapolis
1340 W  Pruitt St,,,,Year Built: 1920,No Info,"$70,000",Indianapolis
11215 Leo Dr,,,,,No Info,"$45,000",Indianapolis
1918 Holloway Ave,,,,Year Built: 1970,No Info,"$213,000",Indianapolis
2129 Gilbert Ave,,,,,No Info,"$30,000",Indianapolis
1634 E  Palmer St,,,,,No Info,"$30,000",Indianapolis
1514 Evenstar Blvd,,,,Year Built: 2019,2 Car Garage,"$540,000",Indianapolis
3048 E  New York St,,,,Year Built: 2023,2 Car Garage,"$299,000",Indianapolis
3044 E  New York St,,,,Year Built: 2023,2 Car Garage,"$349,000",Indianapolis
3046 E  New York St,,,,Year Built: 2023,2 Car Garage,"$329,000",Indianapolis
1721 S  Meridian St,,,,,No Info,"$65,000",Indianapolis
10645 Pokagon Way,,,,Year Built: 2006,2 Car Garage,"$395,449",Indianapolis
504 N  Park Ave #4,,,,Year Built: 2016,1 Car Garage,"$429,000",Indianapolis
1343 W  Roache St,,,,Year Built: 1920,No Info,"$309,900",Indianapolis
4133 Eagle Cove East Dr,,,,Year Built: 1986,1 Car Garage,"$200,000",Indianapolis
,,,,,,,Indianapolis
1744 E  Kelly St,,,,Year Built: 1920,None,"$169,500",Indianapolis
2415 N  College Ave,,,,Year Built: 1900,None,"$299,000",Indianapolis
1615 E  Minnesota St,,,,,No Info,"$25,000",Indianapolis
439 S  Oakland Ave,,,,Year Built: 1925,Garage,"$259,900",Indianapolis
2933 Macpherson Ave,,,,Year Built: 1911,None,"$339,000",Indianapolis
4019 Hampshire Ct,,,,Year Built: 1964,No Info,"$58,000",Indianapolis
7930 N  Keystone Ave,,,,,No Info,"$97,500",Indianapolis
7924 N  Keystone Ave,,,,,No Info,"$97,500",Indianapolis
7916 N  Keystone Ave,,,,,No Info,"$97,500",Indianapolis
7908 N  Keystone Ave,,,,,No Info,"$107,500",Indianapolis
7850 N  Keystone Ave,,,,,No Info,"$121,500",Indianapolis
,,,,,,,Indianapolis
7842 N  Keystone Ave,,,,,No Info,"$121,500",Indianapolis
7902 N  Keystone Ave,,,,,No Info,"$121,500",Indianapolis
435 Virginia Ave #600,,,,Year Built: 2006,Garage,"$1,349,900",Indianapolis
1015 Orange St,,,,Year Built: 2018,Garage,"$540,000",Indianapolis
4002 Brentwood Dr,,,,Year Built: 1964,No Info,"$48,000",Indianapolis
2136 Sugar Grove Ave,,,,Year Built: 2023,Garage,"$340,000",Indianapolis
Irvington Plan in Hickory Run by M/I Homes,,,,Year Built: 2023,No Info,"$328,990+",Indianapolis
Akerman Plan in Hickory Run by M/I Homes,,,,Year Built: 2023,No Info,"$342,990+",Indianapolis
Ashton Plan in Hickory Run by M/I Homes,,,,Year Built: 2023,No Info,"$328,990+",Indianapolis
Foster Plan in Hickory Run by M/I Homes,,,,Year Built: 2023,No Info,"$356,990+",Indianapolis
Fairbanks Plan in Hickory Run by M/I Homes,,,,Year Built: 2023,No Info,"$367,990+",Indianapolis
Mackey II Plan in Hickory Run by M/I Homes,,,,Year Built: 2023,No Info,"$319,990+",Indianapolis
Findlay Plan in Hickory Run by M/I Homes,,,,Year Built: 2023,No Info,"$338,990+",Indianapolis
5254 Woodhurst Ln,,,,Year Built: 2023,2 Car Garage,"$362,000",Indianapolis
8750 Howlett,,,,Year Built: 2023,3 Car Garage,"$449,990",Indianapolis
121 2nd Ave NE,,,,Year Built: 1921,1 Car Garage,"$450,000",Indianapolis
,,,,,,,Indianapolis
1948 Winton Dr,,,,Year Built: 2013,3 Car Garage,"$399,900",Indianapolis
452 Park Dr,,,,Year Built: 1958,Garage,"$230,000",Indianapolis
934 Dreamy St,,,,Year Built: 1971,2 Car Garage,"$325,000",Indianapolis
2639 Kilgobbin Cres,,,,Year Built: 2017,2 Car Garage,"$435,000",Indianapolis
2658 S  Sunrise Dr,,,,Year Built: 1987,1 Car Garage,"$350,000",Indianapolis
